[
  { "id": "introducao", "nome": "Introdução", "ordem": 1, "descricao": "Apresentação do Departamento" },
  { "id": "estrutura", "nome": "Estrutura Organizacional", "ordem": 2, "descricao": "Organograma e Atuação" },
  { "id": "atribuicoes", "nome": "Atribuições da Equipe", "ordem": 3, "descricao": "Funções dos Assistentes Sociais" },
  { "id": "registros", "nome": "Registros de Ações", "ordem": 4, "descricao": "Material informativo e Campanhas" },
  { "id": "alojamento", "nome": "Alojamento", "ordem": 5, "descricao": "Informações sobre o alojamento" },
  { "id": "parcerias", "nome": "Parcerias", "ordem": 6, "descricao": "Parcerias e Colaborações" },
  { "id": "acoes", "nome": "Ações Realizadas", "ordem": 7, "descricao": "Eventos e atividades realizadas" },
  { "id": "projetos", "nome": "Projetos Futuros", "ordem": 8, "descricao": "Planos e iniciativas futuras" },
  { "id": "consideracoes", "nome": "Considerações Finais", "ordem": 9, "descricao": "Conclusão e agradecimentos" }
]

